Ma so,Ho va Ten,Ngay sinh,Lop,Gioi tinh,Toan,Ly,Hoa,Van,Sinh,GDCD,Su,Dia,TA,Cong nghe
639
7801075589,Dang Dinh An,01/10/1994,10A01,Nam,3,4,0,9,2,7,7,8,8,6,
2249215224,Nguyen Quang Dat,04/03/1998,10A01,Nu ,0,3,10,1,9,7,5,4,2,3,
8649216631,Nguyen Thi Dinh,07/01/2000,10A01,Nu ,6,3,1,3,7,0,9,0,2,4,
1621234719,Le Thi Dat,20/02/1995,10A01,Nu ,3,1,0,4,9,3,7,10,0,2,
0384530169,Pham Thuy Dat,20/02/1998,10A01,Nu ,2,9,8,8,3,6,9,1,0,6,
6841245915,Cao Chau Dinh,02/04/1997,10A01,Nam,9,1,3,6,7,7,9,5,1,3,
1714329148,Quach Trong Hoang,19/03/2000,10A01,Nam,6,3,5,7,7,3,6,7,5,6,
2378609156,Nguyen Chau Hoa,10/05/1992,10A01,Nu ,6,4,3,6,1,7,0,1,7,8,
9111905406,Cao Dinh Hoa,11/05/2004,10A01,Nu ,4,2,10,8,5,9,2,4,8,0,
5164739053,Huynh Thanh Lieu,17/12/1996,10A01,Nu ,7,10,5,5,5,2,7,6,0,4,
1894525771,Nguyen Quang Linh,07/06/1990,10A01,Nam,3,9,2,1,9,2,4,3,2,8,
3828925403,Quach Ngoc Lieu,17/09/2000,10A01,Nu ,5,6,1,8,10,4,10,8,0,8,
2978154891,Do Thanh Quyen,20/01/2002,10A01,Nam,3,10,2,6,6,0,1,4,9,0,
5411449145,Tran Thi Tu,17/11/2004,10A01,Nu ,6,7,6,7,2,9,2,1,8,3,
6594527832,Do Thanh Thinh,15/01/1997,10A01,Nu ,0,3,2,5,10,0,3,1,4,5,
1266668662,Bui Trong Tai,02/05/1996,10A01,Nu ,3,7,1,3,0,0,9,7,9,9,
6984138931,Nguyen Hai Tien,21/11/1999,10A01,Nu ,5,6,4,1,1,7,6,5,2,0,
2922174636,Do Van Tu,09/09/1996,10A01,Nam,5,10,0,4,2,5,1,6,10,7,
0764086433,Do Hai Vy,03/06/1996,10A01,Nam,5,4,10,7,9,2,7,10,10,2,
5667710262,Tran Thuy Xuan,14/07/2002,10A01,Nu ,1,5,7,8,9,0,2,8,8,9,
2794694060,Vu Thi An,21/09/1991,10A02,Nam,8,0,6,4,3,5,1,2,4,4,
4610565778,Hoang Quang An,05/10/2007,10A02,Nu ,4,2,4,0,3,8,1,8,6,5,
8014695379,Huynh Thanh Dinh,04/11/1993,10A02,Nam,2,0,9,6,1,8,3,9,6,5,
6064354562,Do Minh Diem,09/02/1990,10A02,Nu ,3,1,1,6,2,7,5,1,0,1,
8895258759,Nguyen Thanh Dat,05/12/1999,10A02,Nam,1,0,1,5,3,1,9,8,3,10,
2233411653,Ho Quang Dat,05/07/1992,10A02,Nam,6,2,10,0,3,0,1,9,7,8,
1048898998,Bui Thi Hoang,14/06/2002,10A02,Nu ,5,9,7,2,2,9,10,3,2,6,
9941522947,Le Ngoc Hoa,05/10/2008,10A02,Nam,1,9,4,3,3,7,4,2,1,2,
9781174569,Nguyen Chau Hoang,15/06/1994,10A02,Nu ,3,5,3,4,7,2,1,6,3,10,
0111062548,Le Chau Khanh,13/11/2007,10A02,Nu ,6,10,0,5,0,10,9,0,7,9,
1484717281,Huynh Thi Linh,02/08/1990,10A02,Nu ,4,6,9,3,10,7,5,9,1,4,
4763313746,Pham Minh Thu,19/03/2008,10A02,Nam,1,3,2,6,9,4,10,5,1,7,
9434476486,Vu Thanh Tai,07/07/2006,10A02,Nam,4,7,1,3,10,5,7,0,6,0,
6617434589,Le Ngoc Tien,21/12/2002,10A02,Nam,3,3,0,3,5,10,10,6,3,3,
1541859300,Huynh Thanh Tai,12/04/2008,10A02,Nu ,10,4,9,4,6,8,5,5,1,10,
9651744073,Vo Thi Tuan,07/03/2007,10A02,Nam,8,9,3,3,2,2,10,4,4,9,
7237889205,Vo Van Vy,18/08/1992,10A02,Nu ,0,8,10,4,10,3,1,9,4,7,
7594602754,Duong Quang Vy,17/07/2001,10A02,Nu ,2,1,3,1,6,0,9,7,4,3,
3036506076,Quach Dinh Xuan,18/09/1993,10A02,Nu ,2,5,7,8,8,4,9,1,5,0,
5892971885,Duong Chau Diem,03/03/2003,10A03,Nam,10,9,7,10,10,5,7,9,5,2,
6586725522,Nguyen Thi Diem,04/01/2001,10A03,Nam,1,7,4,10,7,3,9,8,10,1,
0283402875,Le Thanh Dat,04/11/2002,10A03,Nu ,9,0,6,4,3,9,9,7,2,7,
0692207475,Bui Thi Dat,10/09/2003,10A03,Nu ,8,3,10,2,3,6,8,2,4,0,
7435404025,Nguyen Chau Dat,10/09/2006,10A03,Nu ,6,0,7,4,7,8,0,5,4,3,
4466375056,Dang Dinh Diem,04/02/2006,10A03,Nu ,6,9,4,9,2,2,6,7,10,1,
5482483181,Nguyen Trong Dinh,08/01/2004,10A03,Nu ,4,0,9,6,0,2,1,2,3,7,
3555167435,Vo Dinh Diem,03/03/2006,10A03,Nam,8,6,2,3,4,8,10,0,5,6,
1355575205,Quach Thuy Hoang,04/04/2007,10A03,Nu ,0,2,9,7,1,9,8,4,6,10,
5416029273,Nguyen Minh Hoa,11/06/1994,10A03,Nam,9,8,9,4,9,2,3,5,4,5,
0836782882,Vo Trong Khanh,17/12/1994,10A03,Nam,10,3,4,2,6,2,2,2,4,8,
2726797119,Huynh Chau Lieu,01/09/2003,10A03,Nam,1,8,10,4,10,8,8,3,1,9,
2654191760,Hoang Van Linh,08/03/1997,10A03,Nam,8,10,4,9,2,8,3,0,7,3,
2339743093,Pham Chau Lieu,02/07/2000,10A03,Nu ,5,9,6,5,10,0,8,4,2,1,
7466460970,Vo Thanh Nhi,06/07/1998,10A03,Nu ,8,7,4,5,8,3,1,2,9,9,
0196723215,Cao Thi Quang,01/11/1990,10A03,Nam,6,6,1,8,9,9,6,2,8,10,
0151219559,Tran Ngoc Thu,03/05/1999,10A03,Nam,3,4,2,6,9,10,7,9,9,10,
1862330387,Dang Quang Tai,07/06/1999,10A03,Nu ,10,9,10,10,0,3,9,1,10,9,
2626610295,Hoang Thi Thu,20/04/1992,10A03,Nam,10,1,10,9,3,7,2,7,1,0,
4343936823,Duong Trong Tien,12/01/1990,10A03,Nam,7,6,4,2,10,2,4,9,10,2,
5862938445,Huynh Quang Tuan,20/05/2002,10A03,Nu ,7,6,9,5,6,9,9,0,1,4,
6036573998,Do Chau Thinh,21/02/2004,10A03,Nu ,4,3,7,5,3,6,5,8,6,10,
1137438897,Nguyen Quang Thu,04/02/1992,10A03,Nu ,9,2,3,6,3,3,2,2,3,4,
9675052108,Nguyen Quang Vy,19/07/1997,10A03,Nam,5,0,8,0,0,1,4,0,8,5,
2799783627,Duong Thi Xuan,19/09/1996,10A03,Nam,1,2,2,1,2,8,2,3,5,4,
2353852027,Vu Van An,06/10/1998,10A04,Nu ,2,0,10,3,8,0,3,10,6,9,
3308538709,Nguyen Chau An,02/07/2009,10A04,Nam,10,9,3,4,0,2,3,2,9,3,
8926788425,Pham Ngoc Dat,05/11/2005,10A04,Nu ,7,9,1,6,7,1,1,9,2,0,
3135780531,Cao Minh Dinh,09/01/2007,10A04,Nu ,2,9,5,8,5,4,3,4,3,0,
3927541112,Dang Thi Diem,10/11/1993,10A04,Nu ,1,9,9,8,7,9,8,3,0,5,
6860003380,Vu Thuy Dat,01/11/1993,10A04,Nu ,9,3,10,2,1,10,4,6,1,2,
8637812122,Le Thanh Linh,08/03/1994,10A04,Nam,2,7,10,4,3,5,7,6,3,1,
1397467310,Vu Thuy Linh,09/04/2009,10A04,Nam,6,7,10,1,6,10,6,2,7,7,
2469973669,Quach Thi Lieu,02/10/2007,10A04,Nam,0,6,6,8,3,10,1,5,1,2,
0072720544,Pham Thi Lieu,02/07/2004,10A04,Nu ,3,6,1,7,3,2,1,6,2,5,
7797930938,Cao Quang Nhi,15/10/2009,10A04,Nam,8,2,7,10,3,10,5,10,8,9,
3090090933,Dang Hai Thinh,17/02/2004,10A04,Nu ,7,9,5,0,8,4,9,6,4,1,
9742143782,Cao Thi Tai,04/02/2003,10A04,Nam,10,2,5,8,9,4,5,1,9,5,
9290992149,Duong Trong Tuan,20/04/2007,10A04,Nu ,2,8,8,2,7,8,0,1,5,3,
2805891752,Nguyen Quang Tu,11/08/1994,10A04,Nu ,10,5,8,9,0,7,7,0,10,1,
9984406909,Nguyen Thanh Thu,03/05/2003,10A04,Nu ,1,0,10,9,2,1,10,1,10,2,
3545391799,Ho Trong Thinh,13/01/1997,10A04,Nu ,4,5,1,1,3,2,4,3,7,3,
4318852161,Vu Trong Vy,16/07/1992,10A04,Nu ,4,0,9,0,4,5,2,2,7,5,
6134850920,Duong Thi Vy,02/08/2008,10A04,Nu ,6,0,8,1,10,7,1,4,5,7,
7507352084,Dang Thanh Vy,03/03/2000,10A04,Nam,3,0,5,10,2,4,10,2,10,6,
8057591539,Ho Thuy Xuan,10/11/2007,10A04,Nam,2,3,2,1,0,1,9,8,2,6,
9197038677,Do Thuy An,07/11/2002,10A05,Nu ,0,8,7,6,1,2,6,2,6,2,
5510160297,Duong Hai Dinh,05/12/2008,10A05,Nam,10,6,0,0,10,2,10,3,7,2,
3661289895,Do Ngoc Dinh,20/03/1995,10A05,Nam,5,1,9,7,10,8,8,6,0,10,
1404576444,Dang Hai Dinh,21/03/1998,10A05,Nam,4,9,5,10,4,10,0,9,0,2,
6277669669,Cao Thi Hoang,17/07/2001,10A05,Nam,0,0,6,10,5,6,7,0,4,5,
7514361019,Cao Dinh Hoang,16/06/1997,10A05,Nam,2,2,0,7,0,4,4,8,3,1,
1152524921,Huynh Thanh Hoang,17/05/2002,10A05,Nu ,7,5,8,4,1,3,7,9,7,1,
4180292418,Hoang Thi Hoa,07/07/2007,10A05,Nu ,7,1,3,0,5,4,3,8,2,1,
8887555449,Hoang Thi Khanh,15/12/2002,10A05,Nu ,3,5,3,10,9,4,3,4,8,6,
0978799260,Le Quang Lieu,07/08/2007,10A05,Nu ,9,9,10,5,3,7,0,1,3,6,
6025618046,Vo Minh Nhi,12/04/2005,10A05,Nu ,3,7,10,4,2,10,3,10,0,4,
8540836466,Tran Thanh Quang,07/09/1995,10A05,Nam,4,6,2,9,3,8,8,0,10,7,
5960110923,Nguyen Ngoc Quyen,10/10/2004,10A05,Nu ,7,10,8,7,2,9,3,3,9,5,
1067866361,Pham Van Thinh,13/05/1999,10A05,Nam,4,0,3,8,7,3,5,4,3,5,
7177653036,Do Hai Tai,07/08/1990,10A05,Nam,2,5,9,6,4,8,9,2,6,4,
3104537755,Ho Thuy Thinh,19/02/2004,10A05,Nu ,10,4,6,1,8,8,7,0,9,7,
1705626838,Bui Van Tai,08/02/2003,10A05,Nam,8,7,7,1,4,7,1,3,10,2,
3017109068,Cao Chau Tien,21/06/2002,10A05,Nu ,5,10,0,8,6,4,4,1,8,9,
4897047371,Vo Chau Vy,03/09/2000,10A05,Nu ,6,8,4,4,4,9,4,6,6,0,
4090175875,Tran Ngoc Vy,19/08/1996,10A05,Nu ,9,5,6,6,4,6,4,1,4,10,
7575824591,Pham Dinh An,19/12/1992,10A06,Nam,2,9,7,6,1,8,3,6,4,4,
8928358555,Huynh Hai An,20/07/2004,10A06,Nam,10,9,4,4,4,5,2,4,9,2,
3249011172,Le Chau Diem,05/01/2004,10A06,Nam,0,4,10,3,0,5,1,0,9,5,
7769975875,Hoang Hai Dat,06/12/2009,10A06,Nam,5,6,9,10,1,4,4,1,2,3,
1082398542,Pham Dinh Diem,06/01/2008,10A06,Nam,9,1,7,5,5,7,4,2,9,8,
5666449849,Pham Thi Hoa,12/09/2001,10A06,Nu ,4,5,9,7,3,1,6,8,3,6,
8995722371,Quach Dinh Hoang,17/05/1994,10A06,Nu ,5,2,4,6,5,5,0,1,8,4,
0202260038,Duong Trong Lieu,03/10/1990,10A06,Nam,9,3,2,10,8,3,4,8,2,5,
6349086994,Cao Thi Nhi,07/07/1996,10A06,Nam,2,2,0,9,6,6,7,7,9,3,
3695719265,Do Minh Thinh,14/03/2004,10A06,Nam,10,2,1,4,8,2,7,5,7,3,
4902369931,Dang Van Tuan,20/08/2008,10A06,Nam,3,3,0,8,10,9,1,1,1,5,
6403320143,Ho Trong Tai,05/02/1994,10A06,Nam,8,10,0,0,3,8,8,3,10,9,
9068805903,Dang Hai Tu,16/07/1998,10A06,Nu ,7,4,8,8,5,5,10,8,2,8,
9102183215,Vu Minh Thu,01/04/1999,10A06,Nam,7,5,1,3,1,1,9,1,2,8,
3438018515,Do Thi Thinh,14/12/1995,10A06,Nam,8,10,8,7,1,4,10,8,8,7,
6060407745,Le Thanh Thu,12/04/2008,10A06,Nu ,9,7,9,2,9,10,9,10,10,2,
1312909680,Hoang Chau Tien,02/12/1997,10A06,Nam,0,8,3,9,4,4,5,0,3,10,
9225322420,Duong Hai Tai,13/01/2003,10A06,Nu ,7,9,0,10,4,2,0,10,1,6,
2777640776,Le Thanh Vy,20/09/2003,10A06,Nam,6,0,9,2,2,10,0,6,5,7,
3366598288,Do Van Dat,02/12/2000,10A07,Nam,7,9,2,7,10,5,0,0,2,10,
0619253652,Huynh Quang Dinh,10/02/2003,10A07,Nu ,10,4,8,4,3,10,9,9,4,8,
5198790376,Cao Dinh Dat,11/10/1990,10A07,Nu ,5,9,2,7,1,10,2,7,5,7,
9270184335,Tran Van Diem,10/03/1998,10A07,Nu ,10,2,7,6,4,1,0,6,7,0,
1517817786,Vo Quang Diem,09/03/1995,10A07,Nu ,1,5,10,3,0,10,8,4,7,7,
5931977946,Cao Thi Dat,12/10/1993,10A07,Nu ,3,6,10,9,5,2,6,9,5,0,
5648732099,Vu Chau Khanh,16/08/2006,10A07,Nam,1,2,10,1,4,6,7,7,9,10,
1953065766,Hoang Minh Khanh,16/01/2004,10A07,Nam,5,8,9,8,8,0,7,8,5,4,
9963466698,Duong Minh Lieu,04/10/2002,10A07,Nam,7,1,9,2,1,5,7,10,2,9,
2026690409,Quach Thanh Nhi,04/07/1999,10A07,Nam,3,4,6,7,5,7,3,6,8,10,
2703121449,Le Dinh Nhi,08/04/1996,10A07,Nu ,3,10,3,2,1,0,10,9,10,10,
4082375564,Ho Chau Nhi,08/07/1999,10A07,Nam,1,10,8,1,1,9,10,9,10,6,
5868161419,Bui Chau Quyen,15/11/2000,10A07,Nu ,3,1,6,3,2,3,2,9,1,5,
5201012936,Nguyen Ngoc Quang,07/09/2006,10A07,Nam,3,4,9,0,7,10,0,2,10,0,
9301366671,Le Thuy Tu,12/09/2001,10A07,Nam,7,9,10,3,9,1,2,5,10,7,
2847784866,Bui Minh Tuan,16/08/1996,10A07,Nam,5,9,8,3,4,8,5,9,10,7,
4745655382,Dang Thuy Tuan,21/08/1992,10A07,Nu ,1,0,6,0,4,1,4,4,1,9,
1854737079,Le Ngoc Thinh,18/05/1994,10A07,Nam,0,2,1,4,6,6,4,9,4,5,
0645113637,Dang Thanh Tu,16/09/1997,10A07,Nu ,8,6,5,8,2,10,3,1,1,0,
8902498689,Nguyen Thuy Tien,15/12/1990,10A07,Nu ,1,7,7,0,5,5,9,1,0,9,
9577583953,Nguyen Hai Thu,18/03/2000,10A07,Nam,4,2,8,5,7,9,4,0,5,9,
9548180300,Nguyen Van Tu,11/09/1998,10A07,Nam,8,1,3,1,5,10,10,2,10,4,
2049049531,Vu Minh Vy,17/07/2004,10A07,Nu ,3,8,5,3,8,8,5,4,8,8,
6753064450,Quach Thanh Xuan,12/11/2002,10A07,Nu ,0,8,6,6,10,7,4,2,3,3,
8108049544,Nguyen Dinh Dinh,02/04/1993,10A08,Nam,0,4,8,4,2,4,6,3,1,10,
1401814143,Bui Minh Diem,11/11/2008,10A08,Nam,9,4,0,2,5,3,4,8,1,2,
4871136955,Bui Ngoc Hoa,09/04/2005,10A08,Nu ,10,0,0,1,2,1,4,7,7,0,
2951132698,Huynh Thi Hoang,18/07/1996,10A08,Nam,7,6,9,5,3,1,3,4,4,2,
8658019821,Quach Thi Hoang,18/02/1997,10A08,Nu ,3,10,10,9,10,8,2,3,8,8,
3544347176,Duong Dinh Khanh,10/03/2004,10A08,Nu ,6,5,3,0,8,4,8,3,2,0,
5381029679,Do Thi Khanh,16/08/2009,10A08,Nam,10,10,6,5,9,9,10,9,9,3,
4664753202,Vo Quang Linh,05/05/1992,10A08,Nam,9,7,3,3,6,5,6,7,1,8,
7518552783,Le Thi Linh,14/02/2003,10A08,Nu ,6,5,7,4,9,7,6,9,4,2,
5321452402,Ho Hai Lieu,16/12/1993,10A08,Nu ,9,1,9,3,1,10,4,3,10,0,
4352758033,Pham Chau Linh,15/02/2006,10A08,Nu ,4,2,3,7,4,10,8,1,5,6,
6420438278,Quach Hai Linh,09/06/2004,10A08,Nam,6,1,5,8,1,8,2,9,3,5,
7083950439,Do Van Linh,10/12/1996,10A08,Nam,3,2,2,6,4,5,0,7,8,3,
2501191165,Nguyen Trong Nhi,13/05/2000,10A08,Nam,10,1,1,10,1,4,10,4,0,10,
0652400761,Nguyen Thi Nhi,07/08/2006,10A08,Nu ,6,7,10,5,0,10,8,8,6,8,
2155481072,Quach Chau Tuan,05/06/1992,10A08,Nam,0,3,0,7,4,7,3,10,3,2,
9090054911,Hoang Thuy Thinh,14/05/2002,10A08,Nam,3,8,10,0,1,5,7,7,3,8,
8751321282,Vu Quang Thinh,14/05/2006,10A08,Nu ,2,5,6,2,5,7,0,9,4,1,
6701673395,Pham Ngoc Thu,13/04/1999,10A08,Nu ,7,5,5,5,3,2,1,1,10,6,
4796465260,Tran Van Tuan,01/05/2002,10A08,Nu ,10,3,10,7,5,3,7,6,6,10,
1882346082,Do Thi Vy,18/07/2007,10A08,Nu ,1,5,0,7,2,10,9,7,8,1,
0171227263,Vo Quang Xuan,13/06/2007,10A08,Nam,5,10,3,3,10,5,7,3,7,1,
4074666725,Quach Hai Xuan,12/09/2004,10A08,Nu ,9,6,9,8,2,3,1,8,3,0,
7824414814,Vo Van Xuan,13/06/1991,10A08,Nam,3,7,10,5,5,8,10,5,8,5,
7218121042,Hoang Thi An,20/01/1996,10A09,Nam,0,6,3,8,5,10,6,8,4,8,
5051317412,Vu Chau An,20/01/2000,10A09,Nam,9,3,10,1,10,1,9,0,4,1,
8078778038,Do Chau An,21/10/1990,10A09,Nu ,5,7,4,6,8,5,5,5,8,2,
6519876145,Duong Minh Dinh,07/02/1994,10A09,Nam,0,6,1,2,2,0,5,9,3,3,
3124582042,Vo Dinh Hoang,20/02/2004,10A09,Nam,1,5,3,3,8,2,8,8,9,4,
2285801548,Dang Chau Hoang,14/05/1999,10A09,Nu ,6,0,0,10,7,7,7,1,3,2,
9108236397,Nguyen Thanh Hoa,04/10/2005,10A09,Nam,2,1,9,0,9,5,1,10,1,9,
3816728811,Le Quang Khanh,20/10/1996,10A09,Nam,3,2,10,3,2,1,3,1,6,1,
3307050651,Tran Van Linh,05/06/1995,10A09,Nam,7,3,10,6,0,9,9,9,2,1,
2823671915,Huynh Dinh Nhi,09/07/2003,10A09,Nam,10,7,3,4,5,0,2,0,10,10,
4509368089,Nguyen Thi Quyen,16/11/2003,10A09,Nu ,1,10,2,5,7,5,5,0,1,9,
3044309387,Le Hai Quang,08/09/1990,10A09,Nam,1,1,5,3,1,1,3,5,0,4,
8036529020,Nguyen Thi Thinh,03/12/2007,10A09,Nam,9,2,2,5,1,5,6,7,6,2,
4787662759,Ho Hai Tai,11/04/2005,10A09,Nam,1,6,1,2,1,5,2,2,1,6,
5972203079,Tran Thanh Tu,11/10/1997,10A09,Nam,1,7,1,7,9,2,10,4,6,9,
0998657422,Duong Dinh Tuan,06/07/1996,10A09,Nam,9,0,7,0,9,10,7,2,4,5,
7721182273,Bui Thanh Tu,17/07/2002,10A09,Nu ,5,1,4,1,9,8,1,10,2,1,
0171204185,Dang Trong Thinh,15/12/1999,10A09,Nam,6,7,4,9,6,6,3,10,8,0,
0681020776,Quach Thanh Thinh,20/10/1999,10A09,Nu ,6,10,9,7,6,3,1,5,9,4,
6956677555,Nguyen Quang Diem,12/04/1994,10A10,Nam,8,7,10,1,2,7,7,0,7,7,
4659002386,Ho Quang Hoang,02/04/1992,10A10,Nam,4,8,7,2,3,5,1,10,5,3,
5117459739,Vu Quang Lieu,10/09/2006,10A10,Nam,4,1,10,2,6,3,9,8,4,6,
9780997859,Duong Ngoc Nhi,05/07/1991,10A10,Nam,1,1,1,10,10,10,6,8,8,3,
1586848575,Quach Thi Nhi,10/08/2006,10A10,Nu ,8,4,10,7,10,2,6,2,0,3,
2342654537,Cao Trong Quyen,17/11/1995,10A10,Nam,0,7,9,8,0,7,8,3,0,2,
5189978165,Vu Minh Tu,08/09/1993,10A10,Nam,7,2,4,1,7,2,9,3,10,3,
6879826570,Cao Minh Thinh,12/12/1990,10A10,Nam,8,0,9,7,5,7,10,9,6,6,
4989813243,Huynh Van Tai,06/03/2001,10A10,Nam,5,4,3,6,2,1,2,8,9,5,
4413382211,Dang Thi Tai,02/05/1992,10A10,Nu ,4,9,6,10,6,8,6,4,8,5,
6366867169,Do Van Tai,06/06/2004,10A10,Nu ,1,4,8,5,1,10,2,7,9,1,
4920147176,Le Thi Thu,19/07/1997,10A10,Nu ,3,6,6,2,5,2,7,2,1,3,
2743993271,Nguyen Thi Thu,19/04/2002,10A10,Nu ,5,6,2,3,5,5,7,3,1,7,
0021789863,Do Thuy Vy,02/06/1993,10A10,Nu ,7,7,2,4,4,10,4,8,9,9,
3179579107,Tran Thi Vy,17/06/1990,10A10,Nam,8,5,5,6,2,7,9,6,7,8,
5093210526,Huynh Chau Xuan,18/08/2001,10A10,Nu ,4,8,10,6,3,2,6,9,5,7,
3893617378,Ho Van Dat,05/09/2002,10A11,Nam,8,4,7,0,1,4,5,2,7,1,
3787505937,Pham Thanh Quang,09/10/1993,10A11,Nam,10,10,0,5,6,5,7,7,0,8,
6273957072,Ho Dinh Thu,19/11/2007,10A11,Nam,0,8,0,10,5,4,10,3,5,5,
8459538667,Vu Trong Tien,17/10/1992,10A11,Nu ,2,3,0,3,6,5,2,2,5,0,
4857369128,Hoang Thuy An,04/10/2003,11A01,Nam,6,6,8,8,10,6,8,5,6,1,
9071715180,Bui Chau Dat,09/11/1993,11A01,Nam,9,4,7,0,0,9,1,6,4,4,
7232834786,Tran Hai Diem,03/02/2007,11A01,Nam,4,0,4,7,0,4,10,10,9,0,
2470115202,Cao Thuy Dat,05/07/2000,11A01,Nam,8,6,3,9,10,9,8,6,6,5,
7534885270,Nguyen Van Diem,11/01/2004,11A01,Nu ,8,8,6,10,0,0,0,4,7,0,
6350320539,Bui Minh Hoa,10/08/2009,11A01,Nam,0,1,10,0,3,4,4,7,4,6,
3996921379,Vo Ngoc Linh,10/06/1999,11A01,Nam,2,6,9,3,10,1,8,3,4,1,
3959298947,Tran Hai Linh,11/03/2003,11A01,Nam,0,3,4,6,4,4,0,6,3,5,
9007664065,Le Thi Nhi,15/06/2007,11A01,Nam,7,7,4,4,10,10,5,9,1,7,
9588896035,Tran Trong Quang,21/10/2006,11A01,Nu ,10,8,4,8,7,5,10,7,8,7,
1487166214,Hoang Chau Thu,15/05/2006,11A01,Nam,4,10,8,0,1,7,7,6,0,3,
5342629451,Le Dinh Thu,19/05/2006,11A01,Nam,2,5,10,4,7,9,3,9,1,10,
3105916910,Pham Trong Thu,20/05/1990,11A01,Nam,0,2,6,7,1,0,6,1,1,3,
8562620768,Nguyen Hai Tuan,02/07/2009,11A01,Nu ,7,5,1,6,4,1,6,4,2,1,
8287165107,Quach Trong Tien,11/03/2004,11A01,Nam,9,10,5,9,3,4,4,0,10,2,
6915307949,Vo Thuy Vy,18/09/1991,11A01,Nu ,0,10,7,2,8,8,5,3,4,0,
9079083412,Le Dinh Vy,06/06/2002,11A01,Nam,10,8,10,4,0,8,5,5,7,4,
7127612346,Bui Trong Dinh,07/03/1999,11A02,Nam,7,4,9,2,4,4,2,4,2,8,
5958912201,Duong Quang Dinh,13/11/2001,11A02,Nam,5,6,7,0,7,6,7,6,4,9,
5377171540,Le Thuy Diem,12/02/1995,11A02,Nam,6,5,2,1,5,2,3,7,7,4,
5788977331,Dang Chau Diem,04/12/1996,11A02,Nu ,6,8,7,10,5,9,2,2,10,8,
1620055963,Nguyen Dinh Hoang,21/03/1999,11A02,Nam,8,10,6,9,7,7,4,2,10,1,
9257266077,Vo Thi Khanh,17/11/1996,11A02,Nam,9,1,8,4,8,9,9,9,4,5,
4587223338,Quach Hai Lieu,17/11/1998,11A02,Nu ,6,7,9,6,8,9,3,2,0,1,
3213498685,Pham Thuy Linh,08/01/1995,11A02,Nam,8,0,0,8,9,1,7,4,6,6,
1926059938,Le Dinh Lieu,01/09/1999,11A02,Nu ,5,10,2,4,8,4,1,8,1,5,
8634140092,Nguyen Quang Nhi,14/07/1995,11A02,Nu ,10,6,7,6,6,1,6,1,7,9,
9810566885,Ho Dinh Quang,09/12/1997,11A02,Nam,10,3,7,2,1,1,3,3,7,6,
0177370434,Ho Chau Quang,08/12/2005,11A02,Nam,1,5,10,10,7,10,0,1,7,2,
5400074656,Cao Thuy Thinh,17/01/1997,11A02,Nu ,1,0,3,7,9,3,0,7,8,10,
6020418580,Do Trong Tuan,14/09/1999,11A02,Nam,9,4,1,8,4,7,3,9,10,3,
5713071813,Vu Dinh Thinh,20/04/1995,11A02,Nu ,6,4,4,3,1,10,9,2,5,2,
8287242020,Do Thi Tuan,05/09/1996,11A02,Nam,0,8,6,4,10,5,0,6,10,0,
9036846481,Vu Minh Tien,17/12/1990,11A02,Nu ,2,4,8,1,4,9,6,6,5,4,
9344583158,Do Thanh Vy,02/04/1994,11A02,Nam,6,5,6,5,6,6,0,3,9,6,
4967283761,Bui Ngoc Xuan,14/09/1994,11A02,Nam,2,1,5,2,0,5,6,2,4,3,
4628232885,Nguyen Thi An,02/09/1991,11A03,Nam,10,8,7,5,2,8,10,8,9,0,
2022381379,Cao Ngoc An,18/08/2007,11A03,Nam,3,5,9,9,3,4,10,3,8,9,
4643375464,Quach Trong An,06/06/1996,11A03,Nu ,1,4,9,7,4,10,3,10,0,7,
8159209055,Dang Thuy Hoa,15/05/2005,11A03,Nam,7,4,7,8,1,7,3,1,5,6,
3219257372,Ho Hai Hoang,16/05/1999,11A03,Nu ,8,8,1,0,7,1,4,7,7,8,
7193601912,Nguyen Minh Khanh,13/02/2004,11A03,Nam,0,7,6,10,2,7,2,6,3,7,
9127094531,Quach Trong Linh,02/05/1993,11A03,Nu ,2,4,4,6,3,9,7,10,1,8,
1759245288,Pham Trong Lieu,02/09/2002,11A03,Nu ,3,7,10,7,1,6,5,0,2,9,
4209658528,Tran Ngoc Nhi,07/08/2001,11A03,Nu ,7,4,0,8,3,6,5,5,10,2,
8377336663,Cao Van Nhi,14/08/2007,11A03,Nu ,8,3,3,9,0,4,9,3,8,1,
0848127558,Huynh Thi Quyen,18/12/2002,11A03,Nam,7,2,1,3,9,2,3,7,1,10,
7781324008,Huynh Trong Quyen,19/08/1994,11A03,Nam,5,10,8,5,4,4,7,9,1,1,
5079362697,Bui Van Quang,21/02/2008,11A03,Nu ,0,3,7,3,0,7,10,7,4,9,
5149690177,Nguyen Thuy Thinh,11/06/2002,11A03,Nam,9,7,8,1,6,1,3,3,2,1,
4721766929,Cao Van Thinh,18/11/1999,11A03,Nu ,1,9,7,8,1,10,7,2,8,7,
8870397874,Duong Minh Tuan,20/06/2005,11A03,Nu ,3,9,4,0,4,1,4,5,5,6,
5238938864,Pham Chau Tien,01/02/1992,11A03,Nam,2,2,4,5,8,6,6,2,3,10,
6783715930,Dang Minh Tuan,15/09/2003,11A03,Nam,7,2,9,10,8,10,6,0,10,7,
8613694324,Vo Thi Tuan,21/02/1996,11A03,Nu ,2,6,0,3,9,4,8,8,6,10,
5658673590,Tran Quang Vy,18/10/1994,11A03,Nu ,10,7,2,6,2,10,8,5,4,3,
8418231778,Le Van Vy,20/07/2009,11A03,Nu ,4,7,4,2,5,4,6,2,9,9,
2478001361,Duong Chau Xuan,19/07/1995,11A03,Nu ,2,4,9,10,10,0,5,8,5,8,
6312763507,Huynh Thi Xuan,10/07/2007,11A03,Nu ,0,9,1,3,5,2,2,0,7,5,
9865557829,Ho Hai An,19/08/1991,11A04,Nam,1,2,5,0,8,7,2,6,8,2,
1180007696,Huynh Chau Dinh,05/01/1995,11A04,Nu ,5,4,2,4,9,3,7,2,2,4,
7965021236,Nguyen Chau Diem,04/02/1991,11A04,Nam,3,8,0,10,4,6,2,1,9,4,
4655572154,Bui Van Hoa,17/05/2000,11A04,Nam,4,9,10,2,1,2,9,6,5,3,
2531942635,Ho Ngoc Hoang,16/03/2000,11A04,Nu ,8,6,4,2,9,7,0,2,7,4,
6266776341,Ho Dinh Hoa,12/04/2009,11A04,Nu ,2,9,9,2,1,7,1,2,7,1,
6480778003,Le Thi Hoa,11/07/1995,11A04,Nu ,6,9,10,2,6,3,7,9,2,6,
7678082668,Vu Hai Khanh,10/09/1997,11A04,Nu ,8,4,1,1,8,5,9,3,7,9,
7128043191,Tran Ngoc Quang,06/11/1993,11A04,Nam,5,8,10,7,1,1,1,4,0,0,
9618316501,Cao Minh Quang,01/01/1992,11A04,Nam,6,5,4,10,1,5,2,8,8,7,
7321162685,Nguyen Minh Quang,01/10/2009,11A04,Nam,8,5,0,0,1,8,2,9,9,0,
7985444392,Quach Dinh Quyen,14/11/1990,11A04,Nam,10,7,9,8,4,0,7,4,0,1,
4476268284,Do Thi Thinh,21/01/2006,11A04,Nu ,4,1,10,6,6,1,1,4,6,5,
5829301274,Quach Thuy Tien,17/04/1991,11A04,Nam,3,10,10,7,8,10,6,8,0,6,
0515633502,Nguyen Van Thu,04/03/1991,11A04,Nu ,0,5,10,5,1,7,6,7,3,8,
0048114580,Hoang Minh Thu,20/06/1993,11A04,Nam,9,9,1,9,5,2,9,3,2,7,
6248195688,Ho Ngoc Tuan,03/08/1996,11A04,Nam,4,10,4,1,3,7,1,9,2,9,
5582609824,Duong Hai Tien,17/04/1995,11A04,Nam,2,7,6,0,1,2,9,10,0,10,
0558930172,Cao Thuy Thu,05/04/1994,11A04,Nu ,9,1,7,7,5,10,9,8,3,0,
1111277912,Duong Dinh Xuan,20/07/1998,11A04,Nam,0,1,6,1,4,3,9,10,6,1,
0290189181,Dang Thi An,02/10/1998,11A05,Nu ,4,6,9,9,1,9,7,7,5,0,
2863644741,Pham Ngoc Diem,21/02/2002,11A05,Nam,3,0,5,8,3,7,8,1,8,0,
0574028206,Huynh Thi Hoang,17/03/1992,11A05,Nu ,6,3,0,5,3,10,3,5,8,8,
6243947653,Pham Trong Hoa,11/07/1999,11A05,Nu ,4,7,5,5,1,6,10,1,3,10,
7419388018,Vu Thanh Khanh,10/09/2000,11A05,Nu ,6,1,9,4,2,7,1,6,7,2,
1889666952,Quach Minh Lieu,02/12/2009,11A05,Nam,9,5,10,8,6,6,8,1,2,10,
3046479404,Huynh Thi Lieu,02/12/2005,11A05,Nam,0,7,2,6,1,4,5,9,1,6,
2410993455,Do Chau Lieu,03/06/1997,11A05,Nam,8,8,10,4,4,1,4,7,6,3,
3549450713,Tran Chau Nhi,07/06/1991,11A05,Nu ,6,3,4,8,5,1,1,0,10,10,
3382627164,Nguyen Dinh Nhi,08/06/1995,11A05,Nu ,5,1,10,1,10,5,3,3,10,3,
5062469035,Le Van Quang,02/10/2001,11A05,Nam,7,3,8,2,5,0,6,1,9,4,
8063646057,Cao Minh Tai,04/04/1992,11A05,Nam,9,0,8,10,1,1,1,7,10,1,
2219564734,Dang Chau Thinh,01/01/1990,11A05,Nam,2,9,7,9,10,4,4,7,6,9,
8726726765,Dang Dinh Thu,17/06/2005,11A05,Nam,10,2,7,7,4,3,5,3,0,3,
3526901581,Bui Thi Tuan,15/09/2006,11A05,Nam,5,10,5,2,2,1,9,3,10,0,
1790551311,Nguyen Hai Xuan,14/09/1998,11A05,Nam,2,9,1,5,4,7,9,5,4,7,
1433758760,Cao Thanh Xuan,15/09/2009,11A05,Nam,0,7,8,7,9,9,1,7,4,0,
3655405132,Tran Thuy Dinh,01/11/2008,11A06,Nam,2,1,10,6,5,1,3,0,5,4,
5551442662,Dang Hai Hoa,09/06/2003,11A06,Nam,10,1,8,10,10,6,8,1,7,3,
0090748540,Bui Minh Hoang,20/05/1991,11A06,Nam,9,6,5,2,9,1,8,7,5,6,
6598245311,Do Ngoc Hoa,08/06/1992,11A06,Nam,1,3,1,7,6,3,5,9,6,0,
0663242513,Nguyen Trong Hoang,01/03/2003,11A06,Nam,6,7,2,1,1,9,7,3,10,5,
1923568068,Vu Chau Hoa,08/07/1990,11A06,Nu ,5,10,10,3,10,7,6,0,2,5,
8304548163,Le Minh Hoang,02/03/1994,11A06,Nu ,5,5,9,3,5,1,9,6,10,9,
4697174930,Le Trong Khanh,15/11/1991,11A06,Nam,8,1,9,5,1,1,8,10,4,4,
5188359330,Quach Chau Khanh,09/01/1998,11A06,Nu ,9,9,4,7,1,6,9,4,2,0,
9611986830,Pham Van Lieu,08/08/1991,11A06,Nu ,8,6,7,7,8,9,3,3,3,9,
9492512839,Hoang Minh Lieu,03/09/2006,11A06,Nu ,2,5,5,9,6,10,8,2,2,2,
7005895068,Bui Thi Quyen,14/10/1996,11A06,Nu ,5,4,10,0,8,1,10,6,0,1,
7534610659,Quach Thi Quyen,20/08/1997,11A06,Nam,4,6,4,8,8,7,9,1,2,5,
5032639257,Nguyen Thuy Quang,01/02/1991,11A06,Nu ,9,0,2,6,5,9,3,10,4,1,
2225619352,Do Ngoc Tu,16/06/2007,11A06,Nu ,9,7,1,6,10,3,7,5,1,4,
2645163076,Pham Thuy Thinh,12/02/1997,11A06,Nam,5,1,10,6,5,7,9,8,3,8,
4784943570,Ho Quang Thinh,18/11/2003,11A06,Nu ,10,6,2,0,6,1,0,4,9,0,
4104724687,Hoang Quang Vy,21/07/1996,11A06,Nu ,1,2,7,9,3,9,2,7,9,5,
6820056279,Bui Hai Vy,04/05/2001,11A06,Nam,3,10,9,0,5,0,6,8,10,2,
9952574362,Vo Minh Xuan,07/07/2002,11A06,Nam,10,9,2,4,9,6,1,2,6,4,
9658274963,Do Ngoc An,20/08/2009,11A07,Nu ,6,8,0,5,6,9,9,9,8,6,
9506854279,Huynh Thanh An,20/09/2002,11A07,Nam,10,0,0,3,1,9,6,8,9,6,
8094937904,Nguyen Trong Diem,05/04/2005,11A07,Nu ,3,9,1,10,7,4,8,8,5,6,
4368565973,Nguyen Thi Dat,19/12/2009,11A07,Nam,7,5,1,1,2,4,8,1,0,1,
2181311057,Bui Thi Diem,11/01/2007,11A07,Nam,9,5,8,1,3,7,7,2,1,5,
2661594267,Le Thi Diem,06/03/2006,11A07,Nam,10,3,3,4,3,1,8,6,9,1,
6593334776,Vo Hai Hoang,14/05/2005,11A07,Nu ,6,5,9,4,5,6,6,0,7,0,
3496769504,Nguyen Thuy Hoa,17/06/2003,11A07,Nam,2,7,6,5,5,4,1,9,6,7,
1139055175,Cao Hai Hoa,18/06/1995,11A07,Nu ,0,3,2,8,10,7,4,0,6,0,
2121645880,Duong Thi Khanh,10/01/2002,11A07,Nu ,7,7,10,9,6,8,1,7,2,4,
6939254068,Pham Dinh Linh,14/04/2005,11A07,Nu ,5,4,10,6,1,3,1,5,5,9,
1331727488,Nguyen Trong Nhi,07/10/2005,11A07,Nu ,6,8,6,4,9,3,1,2,6,0,
7105889401,Huynh Thuy Quang,02/01/2007,11A07,Nu ,3,0,8,4,10,10,8,2,9,3,
4624507292,Le Thanh Quang,08/11/2008,11A07,Nam,1,3,1,2,10,6,7,9,10,8,
5277897019,Duong Thuy Quyen,20/09/2001,11A07,Nu ,2,4,10,0,2,9,1,3,2,9,
7452512151,Ho Van Quang,02/01/2004,11A07,Nu ,4,2,0,1,5,8,6,0,8,0,
8331657297,Vu Van Thinh,14/03/2004,11A07,Nu ,2,7,3,1,3,1,3,2,4,4,
5385974031,Do Minh Thu,02/03/1992,11A07,Nu ,4,2,0,7,8,10,7,0,2,8,
0066172725,Vo Ngoc Tien,19/01/1990,11A07,Nu ,9,1,9,5,10,7,5,4,1,6,
6551709794,Tran Thanh Tu,11/12/2007,11A07,Nam,2,9,9,6,6,7,3,8,6,2,
1575955147,Quach Thi Tuan,05/05/1994,11A07,Nam,0,2,3,9,6,3,10,6,3,8,
7961595563,Nguyen Thuy Tai,09/05/2008,11A07,Nam,5,3,6,6,0,5,0,2,0,2,
6489002335,Dang Thi Thu,18/02/2009,11A07,Nam,8,10,2,10,9,7,9,5,1,7,
2325876174,Vo Thanh Tien,18/12/1998,11A07,Nu ,0,4,2,2,6,4,2,2,1,3,
5374883974,Tran Thuy Tuan,21/02/2000,11A07,Nu ,0,4,8,6,2,6,0,10,6,2,
9798432134,Vo Hai Tu,10/12/2003,11A07,Nam,3,0,2,3,2,5,1,6,6,9,
4630323941,Tran Dinh Vy,04/09/2003,11A07,Nam,4,5,10,6,8,1,6,9,6,4,
1751423078,Duong Van Xuan,12/08/2005,11A07,Nam,6,0,10,1,8,9,0,7,7,5,
7369140848,Huynh Dinh An,21/09/2006,11A08,Nu ,8,8,8,5,6,1,9,0,9,10,
7994642082,Nguyen Minh Dat,03/10/1993,11A08,Nu ,1,0,0,4,1,3,2,1,6,8,
0349117662,Vu Thanh Diem,02/03/1997,11A08,Nam,10,6,9,2,2,2,4,6,9,7,
7002404212,Do Ngoc Diem,03/11/2001,11A08,Nu ,9,2,4,4,6,4,7,8,9,0,
0943723410,Dang Trong Dinh,06/04/2005,11A08,Nam,9,9,10,9,7,6,2,6,2,8,
1719430574,Hoang Thi Hoa,13/08/1994,11A08,Nu ,1,0,9,10,10,0,5,5,4,7,
2530371481,Pham Thi Khanh,15/11/2003,11A08,Nam,6,9,5,7,6,4,1,1,5,8,
9522962303,Duong Thi Lieu,03/08/1992,11A08,Nam,8,2,5,0,10,9,0,3,2,2,
6133385352,Hoang Hai Linh,09/03/2009,11A08,Nu ,9,1,1,9,1,10,2,0,3,8,
3402077630,Ho Thi Nhi,09/09/2001,11A08,Nam,10,8,0,3,3,4,6,5,10,2,
5769871289,Ho Dinh Nhi,08/09/1997,11A08,Nam,1,0,4,0,9,2,3,3,10,0,
9094994936,Nguyen Minh Nhi,08/10/2008,11A08,Nu ,4,6,2,7,2,5,4,4,6,4,
2446683821,Ho Chau Quyen,12/11/1991,11A08,Nu ,3,4,0,1,1,4,8,7,10,0,
9795037955,Bui Thi Thinh,02/01/1997,11A08,Nam,10,4,10,3,8,9,10,1,6,6,
8824109440,Hoang Minh Tu,07/10/2007,11A08,Nam,10,5,5,8,1,4,10,5,9,4,
0583692087,Huynh Minh Tien,01/02/2009,11A08,Nu ,1,4,2,2,5,9,9,6,9,5,
8866156451,Nguyen Dinh Thu,17/05/1991,11A08,Nu ,5,10,7,10,9,4,9,4,0,4,
5159393388,Do Chau Tai,14/07/1999,11A08,Nu ,6,3,6,7,10,10,8,6,8,5,
1201575401,Cao Quang Tuan,17/06/2001,11A08,Nu ,3,5,8,7,0,7,4,8,0,8,
1373510491,Nguyen Thi Vy,04/09/2007,11A08,Nam,2,3,7,9,2,4,9,0,6,8,
8691688620,Tran Quang Diem,11/05/2000,11A09,Nu ,10,1,10,7,6,9,8,2,7,7,
2201762523,Le Trong Dat,19/12/1993,11A09,Nu ,5,3,9,3,7,7,0,3,1,5,
0937920748,Tran Thi Dinh,08/01/1999,11A09,Nu ,6,9,10,9,3,10,7,10,7,3,
5596211460,Cao Quang Hoang,01/05/2006,11A09,Nam,6,1,8,8,7,7,3,1,5,3,
4326531326,Tran Thanh Hoang,15/02/2009,11A09,Nam,4,3,5,7,9,9,9,3,8,4,
9617051969,Dang Trong Hoa,09/08/2006,11A09,Nu ,2,4,2,8,8,1,0,5,3,2,
4263752368,Nguyen Chau Lieu,21/08/1995,11A09,Nu ,7,2,6,1,3,2,10,6,1,1,
7474262288,Hoang Thuy Lieu,09/08/1995,11A09,Nam,6,3,3,10,1,0,7,6,4,2,
6001750117,Ho Thanh Lieu,15/10/2003,11A09,Nu ,9,2,6,1,9,3,7,8,10,5,
1244377515,Le Minh Nhi,14/05/2003,11A09,Nam,9,9,9,1,5,6,2,6,1,3,
2314073964,Cao Thi Quang,07/11/2002,11A09,Nam,2,9,3,8,3,7,8,9,6,10,
0518122158,Ho Thanh Quang,02/03/2006,11A09,Nam,6,6,6,0,3,3,9,4,5,9,
3090689938,Dang Thi Tai,14/07/1990,11A09,Nu ,5,0,2,10,4,2,0,8,8,9,
0934581736,Bui Quang Thinh,16/12/2002,11A09,Nam,5,5,0,1,0,9,6,2,8,3,
3222291985,Bui Chau Thu,18/02/1992,11A09,Nu ,7,7,10,3,3,9,1,8,1,10,
1854060480,Quach Ngoc Vy,20/08/2005,11A09,Nam,9,2,6,1,7,5,2,8,1,7,
9761316304,Quach Thuy Vy,17/11/1997,11A09,Nu ,4,3,7,10,1,9,7,4,3,10,
3848090237,Hoang Thuy Vy,01/04/1999,11A09,Nu ,10,0,3,0,7,0,5,9,9,9,
8504711528,Vo Thuy Xuan,13/08/2009,11A09,Nam,4,8,7,4,2,1,3,9,7,9,
7664040134,Dang Van Xuan,07/11/2003,11A09,Nu ,0,4,4,0,2,6,1,3,2,6,
4307237705,Bui Thuy Xuan,08/12/2007,11A09,Nam,9,1,0,2,6,9,4,6,2,10,
6122767864,Dang Chau An,01/08/1996,11A10,Nam,3,3,4,0,4,3,3,3,8,3,
7499571314,Dang Thi An,21/08/1992,11A10,Nam,4,5,8,8,10,0,1,1,8,10,
8115746653,Quach Thuy Dinh,12/03/1990,11A10,Nam,7,8,10,9,2,4,5,3,5,5,
9064038874,Pham Minh Dat,20/12/1997,11A10,Nu ,3,10,4,6,1,10,2,6,0,9,
5196949328,Duong Quang Khanh,19/09/1999,11A10,Nu ,6,4,7,3,7,6,6,3,2,1,
3672450319,Hoang Thi Linh,15/04/2008,11A10,Nu ,4,0,6,8,6,5,4,7,5,2,
4744957767,Huynh Ngoc Lieu,16/10/1994,11A10,Nu ,7,0,1,4,3,5,0,10,10,8,
0845699464,Vo Thi Quang,21/09/2002,11A10,Nu ,1,10,9,5,3,3,7,5,9,3,
0409989472,Huynh Thi Quyen,12/11/1995,11A10,Nam,2,2,7,3,6,6,1,10,0,4,
4367803642,Le Ngoc Quang,08/08/1992,11A10,Nam,0,0,9,4,3,9,0,0,0,1,
4946085072,Quach Quang Quang,03/10/1991,11A10,Nu ,1,8,3,8,3,2,0,5,9,7,
1379485640,Hoang Thanh Tai,06/09/2001,11A10,Nam,6,0,2,10,3,6,7,2,5,0,
3108367044,Huynh Ngoc Tai,12/02/2007,11A10,Nam,0,5,5,3,4,1,9,9,1,2,
5465060694,Ho Thanh Tai,11/02/2003,11A10,Nam,2,8,9,0,9,9,6,7,0,9,
3852447052,Bui Quang Thu,03/03/1999,11A10,Nu ,1,7,4,1,7,4,3,4,3,4,
1809434117,Nguyen Ngoc Tuan,01/07/2005,11A10,Nu ,9,7,6,4,0,10,3,2,1,8,
3516289290,Pham Quang Tai,05/09/1990,11A10,Nu ,8,3,6,7,10,4,4,0,5,7,
5817120117,Do Hai Thinh,15/04/1999,11A10,Nu ,9,2,6,7,1,6,10,7,4,1,
7562445645,Nguyen Thanh Tien,20/01/1997,11A10,Nu ,5,7,0,10,9,0,0,9,2,3,
6713764442,Nguyen Hai Tien,14/04/1992,11A10,Nam,1,2,9,6,9,6,9,2,6,0,
8172110679,Duong Van Vy,17/09/1999,11A10,Nu ,2,2,10,0,4,4,2,0,4,7,
1069809876,Nguyen Ngoc Hoang,15/02/1992,11A11,Nam,2,0,0,10,3,0,1,5,8,8,
6795966553,Vu Van Lieu,09/07/1996,11A11,Nam,5,2,6,0,4,7,2,1,4,10,
5609983788,Pham Van Tien,16/01/2005,11A11,Nu ,8,2,9,5,3,10,4,5,1,6,
1992519547,Pham Quang Khanh,21/12/1990,12A01,Nu ,0,9,10,7,9,10,2,9,6,1,
8038813176,Tran Chau Khanh,12/12/1999,12A01,Nu ,2,0,7,5,6,9,3,8,3,7,
2062223996,Ho Trong Linh,01/06/2008,12A01,Nu ,5,8,5,2,6,10,9,2,1,8,
4852624874,Tran Thi Lieu,05/09/1991,12A01,Nu ,3,4,4,9,2,5,9,0,3,2,
1665156822,Cao Thi Quyen,17/09/1997,12A01,Nam,10,6,1,10,2,3,4,9,1,9,
7970792263,Hoang Chau Thinh,20/04/1991,12A01,Nu ,8,7,8,0,8,8,6,10,5,9,
7608924295,Do Minh Tuan,14/07/1998,12A01,Nam,10,7,10,6,1,1,7,2,10,7,
7291520853,Cao Trong Thinh,12/02/1992,12A01,Nam,6,9,1,9,8,3,6,5,7,3,
2194149237,Bui Thuy Thu,03/01/2001,12A01,Nu ,0,6,7,3,9,1,10,0,3,0,
5789549444,Do Quang Tai,06/04/2006,12A01,Nu ,1,2,0,6,4,5,9,3,9,9,
6465155516,Pham Quang Tu,13/07/1995,12A01,Nam,3,5,10,7,5,10,1,2,0,8,
0355260843,Nguyen Thi Vy,19/08/1995,12A01,Nam,6,1,4,10,9,5,8,4,8,9,
2592063273,Tran Minh Vy,18/08/1992,12A01,Nam,8,4,9,7,4,3,5,1,8,5,
3728811760,Nguyen Thuy Xuan,08/10/2009,12A01,Nam,7,0,3,3,9,5,0,1,2,6,
5221890179,Quach Minh An,06/08/1995,12A02,Nu ,3,7,5,7,2,3,7,3,0,0,
4135475170,Duong Thi Diem,03/05/2004,12A02,Nam,9,7,10,1,2,1,3,4,5,10,
9473754674,Nguyen Ngoc Dat,04/10/1997,12A02,Nam,2,2,10,3,1,5,1,1,3,2,
9503184140,Pham Hai Dat,05/01/2004,12A02,Nu ,8,10,10,5,5,5,5,2,2,3,
1860907590,Le Ngoc Dat,04/01/2000,12A02,Nu ,9,2,2,3,0,3,1,0,2,10,
0790203431,Cao Thi Hoa,11/03/1994,12A02,Nu ,6,3,7,8,3,3,7,8,8,4,
2270786579,Huynh Thuy Hoang,02/06/1993,12A02,Nu ,2,7,10,2,5,0,8,6,6,0,
5773822802,Bui Trong Hoa,10/06/1991,12A02,Nam,10,0,1,1,5,10,0,3,4,2,
2898755087,Ho Thanh Hoang,15/03/1997,12A02,Nu ,10,9,9,10,5,4,8,0,7,0,
7836505760,Do Quang Hoa,15/07/2003,12A02,Nam,8,5,4,6,10,1,7,6,4,10,
2601501161,Nguyen Thanh Hoang,16/04/1994,12A02,Nam,1,10,4,0,5,7,8,0,8,3,
0512211832,Pham Thuy Khanh,21/10/1992,12A02,Nu ,0,8,2,8,1,6,9,5,6,9,
6336102530,Hoang Chau Lieu,02/08/2003,12A02,Nam,0,1,0,0,8,3,4,9,5,4,
2379790002,Tran Hai Linh,12/05/2004,12A02,Nam,0,2,8,7,6,10,7,2,3,1,
2858221254,Vu Trong Linh,03/03/2001,12A02,Nu ,1,7,6,2,2,4,3,6,5,2,
8741837301,Duong Chau Nhi,11/06/2000,12A02,Nu ,5,0,10,0,6,0,5,1,10,3,
8428368351,Pham Minh Nhi,15/04/2009,12A02,Nam,7,5,8,6,1,5,1,5,1,4,
6886164265,Tran Hai Nhi,07/06/1999,12A02,Nu ,8,6,8,6,0,10,9,9,9,6,
9829474757,Huynh Dinh Quyen,13/09/1997,12A02,Nam,1,0,10,5,8,2,8,6,0,1,
9982425053,Cao Ngoc Tuan,02/05/1990,12A02,Nu ,7,4,5,8,7,8,2,0,2,8,
3343969901,Do Quang Tu,10/07/1998,12A02,Nam,5,9,4,5,4,0,8,2,0,3,
0691180916,Hoang Hai Tai,06/07/2003,12A02,Nam,6,10,6,0,5,2,3,8,5,7,
4581393452,Le Van Thinh,11/04/2004,12A02,Nam,8,6,0,2,9,9,10,10,2,8,
1006165571,Dang Thuy Tu,10/08/1990,12A02,Nu ,3,6,10,8,9,3,0,4,0,7,
6440244170,Huynh Van Tuan,19/07/2000,12A02,Nu ,9,7,7,4,4,2,2,4,1,7,
7098556493,Le Thuy Vy,19/05/1999,12A02,Nam,5,9,0,2,2,9,0,6,8,2,
3933167064,Vu Thuy An,06/12/1996,12A03,Nu ,3,1,7,1,5,4,7,3,6,1,
3270861493,Hoang Van An,05/12/2005,12A03,Nam,4,4,0,10,1,2,5,1,6,8,
4452140486,Pham Hai Diem,21/04/2001,12A03,Nam,4,1,1,6,0,0,1,5,8,3,
4906236750,Ho Chau Dinh,04/03/1990,12A03,Nu ,7,8,3,0,3,5,8,3,2,3,
7641552388,Vu Thi Diem,08/12/2008,12A03,Nu ,3,2,10,4,10,0,9,5,0,5,
7216050044,Nguyen Hai Dat,05/11/2001,12A03,Nam,0,10,5,6,5,8,5,3,3,6,
1656914848,Ho Thuy Dat,06/10/1993,12A03,Nam,6,1,3,2,6,7,7,5,7,4,
2208271677,Tran Thi Hoang,21/01/1998,12A03,Nam,8,1,2,7,5,0,7,6,9,4,
0468692283,Bui Dinh Hoang,15/08/1992,12A03,Nu ,4,7,10,4,4,6,6,10,3,2,
7959314417,Pham Hai Linh,08/05/1996,12A03,Nam,0,5,2,4,6,0,3,1,3,8,
0216017067,Le Ngoc Linh,07/04/1992,12A03,Nam,2,8,6,2,1,9,0,10,2,5,
0705512476,Huynh Minh Linh,02/06/1992,12A03,Nu ,3,5,1,5,1,3,1,3,1,1,
1240520786,Quach Thanh Lieu,18/11/2001,12A03,Nam,5,5,4,9,1,0,6,4,0,4,
0791518804,Do Thi Linh,04/03/2005,12A03,Nam,10,5,1,4,6,6,7,8,6,6,
9490862709,Ho Thi Quang,09/02/1995,12A03,Nam,10,4,3,1,9,5,7,7,7,10,
9143154517,Dang Thanh Quyen,08/11/2007,12A03,Nu ,1,6,1,0,2,9,0,3,10,0,
6886221087,Bui Ngoc Quyen,09/11/1991,12A03,Nu ,10,4,9,2,6,0,4,5,10,4,
8233149170,Huynh Chau Quang,09/02/1998,12A03,Nam,8,1,10,4,3,8,10,10,7,3,
3696440771,Nguyen Minh Tu,18/10/2009,12A03,Nu ,3,3,6,0,9,7,1,10,8,3,
9563937139,Vu Chau Thu,16/03/2000,12A03,Nam,1,6,7,3,8,5,6,4,0,2,
4029485863,Pham Quang Tien,16/11/2007,12A03,Nu ,7,1,2,7,6,6,0,1,1,2,
5456552206,Vo Dinh Vy,03/06/1990,12A03,Nu ,6,9,0,2,2,3,8,0,5,4,
3379077036,Bui Thanh Xuan,14/11/1996,12A03,Nam,2,0,9,3,2,0,2,9,4,0,
5626781486,Bui Hai Xuan,13/11/1992,12A03,Nam,4,2,1,0,9,9,0,7,3,7,
4830662552,Duong Dinh Dinh,06/10/1990,12A04,Nam,10,4,4,2,2,9,6,9,7,9,
2978661720,Vo Minh Diem,04/06/2008,12A04,Nu ,7,5,6,3,6,4,7,7,5,3,
8191878834,Nguyen Thi Hoang,15/08/1996,12A04,Nam,2,4,7,6,9,8,8,1,3,6,
0041557238,Nguyen Minh Hoang,21/01/2001,12A04,Nam,7,9,10,10,9,3,0,9,10,8,
3277572645,Le Minh Khanh,14/01/2009,12A04,Nam,9,2,5,3,9,5,1,4,4,8,
3179309180,Vu Dinh Lieu,03/08/1995,12A04,Nam,9,9,7,3,2,5,8,1,6,7,
5684013751,Vo Thi Nhi,12/06/2003,12A04,Nu ,3,8,6,3,10,4,7,3,0,7,
8361629723,Huynh Minh Quyen,18/10/2004,12A04,Nam,7,0,4,4,2,9,10,2,1,5,
0128308913,Bui Van Tai,09/05/2004,12A04,Nam,7,6,10,3,6,2,8,10,10,10,
2485022643,Bui Thuy Tai,08/04/2001,12A04,Nu ,9,8,3,1,2,0,5,8,10,6,
4203531521,Quach Thuy Tuan,20/07/2004,12A04,Nam,7,4,2,7,8,5,5,7,1,0,
1904815067,Do Hai Tu,15/08/2005,12A04,Nu ,10,9,9,5,8,7,10,9,1,8,
9231326192,Hoang Thi Tai,12/08/1990,12A04,Nam,10,10,10,0,10,9,5,5,7,0,
2438701143,Cao Thi Tien,21/04/2004,12A04,Nu ,4,8,2,10,9,0,0,8,8,4,
5104417215,Bui Trong Tuan,15/07/2005,12A04,Nam,7,0,1,0,0,5,2,7,10,3,
4275237999,Vu Thi Thinh,13/01/2002,12A04,Nam,0,3,9,2,6,6,0,9,7,7,
4823185456,Cao Thi Dinh,09/03/2006,12A05,Nu ,3,10,1,8,2,9,7,9,3,4,
4234703047,Vo Quang Dinh,14/01/2006,12A05,Nam,2,2,6,5,2,5,6,4,5,8,
6009677061,Hoang Ngoc Dat,06/10/1991,12A05,Nam,5,5,1,0,3,0,0,7,2,10,
1811948278,Tran Thi Diem,04/06/1991,12A05,Nu ,6,2,2,6,0,6,10,9,6,6,
7419545140,Duong Ngoc Hoang,05/03/1992,12A05,Nu ,8,9,10,0,8,8,7,2,7,0,
5332078969,Bui Thuy Hoa,16/07/1998,12A05,Nam,4,0,7,1,8,6,2,0,5,7,
6753759078,Nguyen Quang Khanh,19/11/1991,12A05,Nam,6,6,10,9,6,3,5,3,5,1,
9012087552,Nguyen Chau Linh,12/05/1996,12A05,Nu ,9,10,4,10,0,2,10,4,4,5,
8683190793,Dang Thi Quyen,14/12/1995,12A05,Nu ,5,6,7,9,6,5,3,10,0,5,
8039010866,Ho Trong Quang,01/11/1994,12A05,Nam,5,4,8,1,3,1,10,4,8,3,
3483399497,Tran Van Tu,10/10/1992,12A05,Nu ,10,6,4,7,9,0,0,4,9,4,
1226585047,Nguyen Thuy Tu,11/11/1996,12A05,Nam,9,3,10,0,2,3,3,7,10,7,
0156889668,Nguyen Thanh Thu,18/12/1998,12A05,Nam,4,4,5,3,5,2,7,4,4,2,
4902192809,Duong Ngoc Tien,18/02/1997,12A05,Nu ,1,5,10,1,4,9,6,6,1,6,
2988093874,Huynh Thi Thinh,13/11/1999,12A05,Nu ,3,3,4,3,6,9,0,10,7,10,
3629347256,Vu Thi Vy,16/05/2002,12A05,Nu ,3,9,1,2,6,1,9,8,7,1,
2572205020,Vu Ngoc An,19/09/1995,12A06,Nu ,8,1,1,1,10,0,10,0,8,6,
1776334312,Do Quang An,06/08/2000,12A06,Nu ,1,9,3,4,10,6,10,6,6,5,
9926615387,Hoang Ngoc Diem,02/01/1996,12A06,Nam,1,7,5,0,10,6,8,10,8,0,
0492709751,Huynh Thi Dinh,05/03/1997,12A06,Nu ,4,2,6,6,2,10,3,8,3,0,
2399458477,Ho Van Dinh,10/12/2001,12A06,Nu ,0,5,4,2,1,3,2,3,4,1,
9233095201,Quach Minh Dinh,06/03/2001,12A06,Nu ,2,0,2,8,6,2,6,0,2,3,
7934165384,Cao Chau Hoang,16/04/1999,12A06,Nam,0,1,2,9,2,0,0,4,3,9,
2075266439,Nguyen Quang Hoa,17/07/2001,12A06,Nam,2,8,2,4,3,9,5,2,6,10,
6227238734,Hoang Dinh Khanh,15/10/2004,12A06,Nam,3,3,7,1,2,0,0,0,8,2,
7109734183,Quach Thanh Linh,09/08/2002,12A06,Nam,7,2,2,7,10,0,6,3,3,9,
7281085477,Duong Thuy Linh,04/07/2007,12A06,Nu ,0,0,4,10,10,7,7,8,2,7,
3873821563,Huynh Hai Nhi,16/08/1994,12A06,Nam,5,9,6,3,10,8,5,7,9,9,
8892207436,Huynh Quang Quang,02/11/2006,12A06,Nu ,3,1,4,3,7,4,1,7,9,7,
6642866740,Nguyen Thuy Quang,02/08/1999,12A06,Nam,8,4,4,1,3,4,10,5,9,7,
1946717171,Duong Quang Tuan,21/08/2007,12A06,Nam,5,2,10,10,2,8,8,9,2,4,
7067400050,Dang Chau Thu,17/04/2007,12A06,Nam,9,0,10,9,7,0,1,9,0,10,
7627702450,Nguyen Ngoc Thu,12/06/2006,12A06,Nu ,10,9,5,1,7,4,2,3,10,6,
1849429944,Tran Van Tien,13/02/2005,12A06,Nu ,3,0,8,7,8,6,9,3,0,9,
3952026206,Tran Chau Vy,04/07/2005,12A06,Nam,2,4,3,8,0,8,2,4,6,1,
3154166690,Nguyen Ngoc Vy,20/06/2001,12A06,Nu ,6,1,5,0,0,4,4,10,5,10,
8144352226,Pham Thi An,19/10/1991,12A07,Nam,2,10,3,5,9,1,6,10,4,7,
6997628777,Pham Chau An,19/11/1994,12A07,Nam,0,7,10,8,3,3,10,2,4,0,
1873959133,Vo Thi Dinh,07/10/1993,12A07,Nu ,8,2,10,4,7,0,9,1,6,2,
6317144377,Nguyen Trong Dat,04/09/1995,12A07,Nu ,0,10,4,5,3,10,9,8,6,5,
9654135849,Nguyen Trong Diem,05/02/1995,12A07,Nu ,4,10,9,9,4,9,1,1,5,10,
0724270639,Bui Ngoc Dinh,01/05/2008,12A07,Nam,3,8,8,10,6,6,7,4,0,10,
9787576289,Bui Thi Dinh,01/02/1992,12A07,Nam,1,5,4,3,0,8,10,7,1,3,
9984746888,Le Thi Hoang,01/01/2005,12A07,Nu ,5,6,5,2,3,5,2,10,10,1,
0444062153,Do Thi Hoa,08/09/1992,12A07,Nu ,4,7,2,4,1,2,1,6,3,2,
8147787172,Vo Dinh Lieu,20/10/1998,12A07,Nam,0,9,10,5,2,0,8,5,1,9,
5044071047,Vo Van Linh,04/07/1990,12A07,Nu ,9,8,10,2,4,10,10,0,1,0,
3189506870,Tran Minh Nhi,13/07/1998,12A07,Nu ,0,3,9,8,8,8,3,8,0,3,
4454133532,Cao Van Quang,01/12/1993,12A07,Nu ,8,10,6,7,7,5,10,6,5,9,
5826922408,Ho Thi Tai,05/05/1996,12A07,Nam,8,9,4,1,6,3,4,10,10,5,
7480979000,Le Hai Thu,13/06/1998,12A07,Nu ,8,6,1,4,0,6,5,6,10,10,
9924264372,Huynh Trong Tien,10/04/1991,12A07,Nam,1,3,6,4,7,5,5,2,9,1,
2759700890,Dang Minh Thinh,15/02/1997,12A07,Nam,8,9,0,9,4,0,7,3,8,3,
2356401366,Duong Ngoc Tuan,21/06/2009,12A07,Nam,4,1,2,0,4,4,4,5,2,1,
9074622542,Vu Chau Tai,12/04/1994,12A07,Nam,10,7,7,3,3,0,8,8,7,4,
0734492765,Hoang Thi Tien,02/10/1999,12A07,Nam,10,7,7,10,6,0,1,7,3,7,
8588594621,Huynh Trong An,05/08/1991,12A08,Nu ,3,9,9,4,8,0,3,1,10,7,
8725307270,Ho Thi An,04/08/2000,12A08,Nu ,5,1,2,1,3,9,1,9,10,3,
0315502678,Vu Hai An,20/09/2007,12A08,Nu ,6,9,8,4,3,2,2,3,7,9,
6639815327,Hoang Dinh An,20/11/1998,12A08,Nam,10,5,6,10,7,6,2,4,4,4,
5947771688,Nguyen Trong Dat,18/02/2000,12A08,Nam,7,7,9,10,0,9,0,5,0,6,
3880067248,Le Minh Dat,19/02/1991,12A08,Nu ,5,4,5,1,5,0,4,7,0,9,
4518475651,Cao Chau Dat,11/08/1991,12A08,Nu ,4,7,6,8,3,6,10,3,5,3,
2787281563,Dang Quang Dat,03/10/2002,12A08,Nam,5,8,6,9,2,1,7,7,2,6,
5915038061,Tran Ngoc Hoang,14/03/2007,12A08,Nam,5,4,1,5,7,2,2,7,8,7,
7068511106,Duong Dinh Hoang,18/04/1999,12A08,Nam,3,9,3,0,1,3,9,10,8,4,
2922875420,Nguyen Thi Nhi,14/07/2002,12A08,Nam,9,10,5,0,3,0,6,0,1,7,
7229531337,Vu Ngoc Quyen,09/09/1998,12A08,Nu ,10,1,5,6,7,4,5,5,6,5,
5525583786,Huynh Van Quang,03/11/2009,12A08,Nu ,1,10,0,6,1,6,4,9,9,0,
1195420183,Cao Ngoc Quang,02/01/1996,12A08,Nu ,7,8,2,10,0,7,2,8,5,2,
9260438490,Huynh Ngoc Thinh,20/12/1998,12A08,Nu ,7,0,6,5,4,7,6,9,9,8,
3323961297,Dang Quang Tuan,20/06/1990,12A08,Nu ,2,2,2,9,2,5,8,8,0,1,
2859797922,Vo Trong Vy,17/08/2008,12A08,Nam,10,7,1,4,0,1,2,10,7,1,
0421814019,Quach Quang Vy,16/09/1996,12A08,Nam,4,4,3,8,10,2,0,9,3,3,
6913195083,Bui Hai An,09/09/1998,12A09,Nu ,7,2,2,2,2,3,9,2,7,5,
9895043398,Quach Quang Dinh,12/12/2008,12A09,Nam,7,10,7,8,10,8,9,8,5,8,
1710567024,Bui Van Dat,03/10/1994,12A09,Nam,4,5,2,0,7,3,9,9,2,9,
1807611049,Nguyen Van Dat,03/01/2009,12A09,Nu ,0,5,6,10,6,0,9,8,2,6,
3150441927,Cao Quang Dat,04/09/1998,12A09,Nu ,9,7,0,7,7,2,1,0,6,9,
1037917880,Nguyen Dinh Hoa,10/07/1990,12A09,Nu ,8,6,0,4,9,0,4,6,7,0,
0551730430,Cao Hai Hoa,05/04/1997,12A09,Nu ,10,2,6,9,1,2,0,7,5,6,
5237507011,Ho Van Hoang,02/06/1990,12A09,Nam,4,10,3,0,0,9,6,3,5,7,
7842931533,Duong Ngoc Linh,09/04/1994,12A09,Nam,5,0,9,10,4,3,9,5,3,2,
8300691044,Duong Thanh Nhi,05/09/1992,12A09,Nam,0,0,5,1,1,5,2,4,9,10,
3123900556,Ho Dinh Quyen,11/12/1990,12A09,Nu ,5,6,8,10,9,8,1,1,10,4,
2938983555,Hoang Ngoc Tai,05/07/1991,12A09,Nam,7,2,10,9,1,0,0,7,5,3,
2486952832,Bui Hai Tuan,01/09/1995,12A09,Nu ,0,9,2,2,9,3,7,6,1,0,
4500672441,Vu Trong Tu,09/07/1995,12A09,Nam,6,0,8,3,10,9,5,10,10,10,
5956362194,Vu Thuy Tai,06/03/2002,12A09,Nu ,3,5,4,3,10,3,6,0,9,5,
7343992864,Le Van Tien,15/02/1992,12A09,Nu ,0,6,10,1,7,1,5,7,1,5,
7850354797,Cao Hai Thu,19/01/2005,12A09,Nam,1,9,8,9,3,8,3,8,5,9,
4431943766,Bui Van Thu,03/01/1997,12A09,Nu ,2,9,0,0,5,8,6,9,2,7,
9720145868,Ho Quang Tien,15/05/1995,12A09,Nam,7,6,3,1,6,9,5,7,10,2,
4195615905,Pham Van Tai,04/06/2008,12A09,Nu ,9,4,3,5,6,8,8,4,4,10,
4323277670,Pham Thanh Thu,14/06/2001,12A09,Nu ,7,3,9,6,5,9,8,8,0,3,
4698676316,Dang Minh Thu,02/05/1994,12A09,Nu ,3,0,4,9,10,6,3,6,2,4,
0793112777,Nguyen Dinh Vy,05/07/2008,12A09,Nam,1,1,10,10,4,10,5,7,6,5,
0105810377,Dang Minh Vy,18/05/2009,12A09,Nu ,0,4,4,7,4,6,5,2,8,9,
3472111777,Vu Trong An,21/11/2009,12A10,Nam,8,2,2,2,1,8,5,7,4,8,
8361419565,Do Van Dinh,09/02/1992,12A10,Nam,8,4,6,7,7,6,9,0,8,10,
0165087388,Hoang Thi Diem,07/12/1993,12A10,Nu ,7,8,6,10,1,5,3,0,10,9,
7420743630,Nguyen Chau Dinh,02/02/1995,12A10,Nam,0,2,0,5,4,0,2,9,1,7,
7930569420,Vo Trong Dinh,07/12/1996,12A10,Nam,9,5,5,2,4,7,1,5,3,0,
0893208310,Vu Thuy Hoa,14/06/1999,12A10,Nam,9,7,8,3,6,9,4,3,4,6,
8930556254,Dang Thi Hoa,10/06/2007,12A10,Nam,0,2,6,10,0,8,8,0,3,9,
8528828652,Le Hai Hoa,04/08/2007,12A10,Nam,2,0,0,1,0,1,8,6,1,5,
1285526526,Vo Thi Khanh,11/11/2007,12A10,Nu ,4,3,10,3,2,6,0,5,3,3,
6158608849,Le Trong Linh,07/03/1990,12A10,Nu ,0,4,0,4,2,3,7,6,6,6,
8693836261,Hoang Hai Lieu,01/07/2000,12A10,Nam,2,5,4,9,4,1,1,7,5,0,
1300958166,Dang Hai Quyen,07/03/2004,12A10,Nam,2,9,6,7,8,7,8,0,9,8,
1757676159,Cao Dinh Quang,08/02/2003,12A10,Nam,1,6,7,9,5,3,4,5,6,6,
3794379609,Nguyen Chau Quang,07/01/2000,12A10,Nam,3,10,0,6,0,1,0,2,6,2,
6600759273,Duong Thi Tien,11/01/2006,12A10,Nam,8,9,9,9,6,10,1,7,10,9,
2829741589,Vu Thi Thu,15/03/2008,12A10,Nam,3,9,0,1,3,3,3,2,0,10,
6190854850,Vo Chau Tu,17/01/1994,12A10,Nu ,7,9,3,5,0,3,6,5,8,6,
9255273921,Bui Thuy Thinh,16/02/2004,12A10,Nam,4,4,3,3,2,4,1,8,7,10,
7867463822,Quach Minh Tien,10/05/2003,12A10,Nam,10,1,1,7,1,8,8,4,9,5,
9249128482,Nguyen Thanh Tuan,01/09/2007,12A10,Nu ,9,6,9,5,2,6,10,9,1,4,
3496360000,Quach Ngoc Xuan,13/08/2006,12A10,Nu ,9,5,1,9,4,9,8,4,4,7,
3239537560,Duong Thanh Xuan,13/08/2009,12A10,Nu ,7,2,9,1,9,1,0,7,4,10,
9360422034,Nguyen Dinh Dinh,08/11/2001,12A11,Nu ,4,7,3,9,5,6,4,6,7,9,
8071448368,Vo Dinh Tuan,07/05/2009,12A11,Nu ,7,8,7,3,4,9,6,0,4,5,
4069243238,Vo Dinh Quyen,15/10/1995,12A06,Nam,7,3,10,2,0,10,6,2,1,2,
7390323164,Vo Chau Tai,15/03/2009,12A07,Nu ,5,6,10,3,0,0,10,8,1,7,
2905851129,Dang Hai Khanh,12/10/1995,11A08,Nam,3,6,0,10,0,1,6,0,7,9,
5247731155,Dang Thuy Linh,11/03/2009,11A10,Nu ,0,8,2,0,0,3,0,6,8,3,
2753370130,Tran Van Quyen,01/09/1996,11A10,Nu ,9,10,3,6,0,4,7,8,3,6,
3095339065,Tran Minh Tai,08/02/2001,10A02,Nam,7,1,4,7,0,5,1,3,3,0,
0620788120,Bui Trong Khanh,19/09/2008,11A04,Nam,6,2,5,2,0,6,7,6,9,2,
1962868056,Bui Dinh Diem,05/10/2001,10A06,Nu ,3,4,7,3,0,8,1,1,10,8,
8476396039,Nguyen Chau Quyen,16/09/2008,12A07,Nam,2,6,8,9,0,9,8,3,5,0,
9718276967,Nguyen Hai Dinh,02/10/2001,10A08,Nu ,10,8,9,0,1,10,2,9,5,5,
6345925020,Nguyen Thuy Tu,13/08/2000,12A09,Nu ,9,8,10,6,1,0,10,1,0,8,
9687884958,Nguyen Van Diem,12/10/1994,11A10,Nam,5,10,0,7,1,2,2,7,1,2,
4181333031,Le Minh Xuan,10/08/2000,12A11,Nam,4,1,0,2,1,2,10,9,7,4,
7423413969,Le Thi Dinh,09/09/1994,11A02,Nu ,2,3,2,3,1,4,3,4,7,9,
9765392807,Le Chau Hoang,17/02/2007,10A04,Nam,10,5,4,4,1,6,7,9,8,4,
5370821850,Ho Thanh Dat,06/09/2006,11A05,Nu ,9,6,5,10,1,7,4,2,3,7,
7611901896,Ho Thuy Thu,06/02/1999,10A06,Nam,6,8,6,1,1,8,7,7,4,1,
